OID_,POINT_X,POINT_Y,Profile_ID,Distance (m),Distance (km),ORIG_SEQ,B2,B3,B4,Benthos,Benthos _label,Bathymetrey 
1,271107.0596,6132318.251,3,10,0.01,1,676.5578613,1080.868652,477.5686951,2,Bare Sand,-1.8066348
2,271097.4178,6132315.599,3,20,0.02,2,604.9328003,1003.399109,384.8228149,2,Bare Sand,-1.8811706
3,271087.7759,6132312.946,3,30,0.03,3,555.2445679,946.633606,326.5986938,2,Bare Sand,-1.9557073
4,271078.1341,6132310.294,3,40,0.04,4,528.7052002,915.1853027,297.0435486,2,Bare Sand,-2.06
5,271068.4923,6132307.641,3,50,0.05,5,583.6512451,986.5839233,352.3993835,2,Bare Sand,-2.06
6,271058.8505,6132304.989,3,60,0.06,6,661.9783936,1087.076172,458.6156311,2,Bare Sand,-2.16
7,271049.2087,6132302.337,3,70,0.07,7,668.5228271,1110.234985,486.9129639,2,Bare Sand,-2.22
8,271039.5669,6132299.684,3,80,0.08,8,650.8104858,1077.543457,449.3764954,2,Bare Sand,-2.23
9,271029.925,6132297.032,3,90,0.09,9,640.1880493,1017.370911,393.6589966,2,Bare Sand,-1.98
10,271020.2832,6132294.379,3,100,0.1,10,588.4064941,947.484314,328.6716614,2,Bare Sand,-1.88
11,271010.6414,6132291.727,3,110,0.11,11,510.1690979,871.4855347,259.7539978,2,Bare Sand,-1.89
12,271000.9996,6132289.074,3,120,0.12,12,456.0881958,803.3764648,200.6802979,2,Bare Sand,-1.9
13,270991.3578,6132286.422,3,130,0.13,13,416.0849915,748.4615479,160.7068939,2,Bare Sand,-1.92
14,270981.7159,6132283.77,3,140,0.14,14,369.9138184,696.3079224,134.184021,2,Bare Sand,-2.16
15,270972.0741,6132281.117,3,150,0.15,15,306.4641113,631.098999,101.2375183,2,Bare Sand,-2.4
16,270962.4323,6132278.465,3,160,0.16,16,258.3554382,535.5913086,83.4825668,2,Bare Sand,-2.7
17,270952.7905,6132275.812,3,170,0.17,17,221.0460968,461.1502991,70.3581314,2,Bare Sand,-2.99
18,270943.1487,6132273.16,3,180,0.18,18,170.3549957,383.3363342,54.1103516,2,Bare Sand,-3.29
19,270933.5068,6132270.507,3,190,0.19,19,124.147438,267.559845,35.4425087,2,Bare Sand,-3.6
20,270923.865,6132267.855,3,200,0.2,20,28.721468,146.5867462,28.6098824,1,Seagrass,-3.86
21,270914.2232,6132265.203,3,210,0.21,21,42.2447357,76.5271759,32.3990059,1,Seagrass,-4.19
22,270904.5814,6132262.55,3,220,0.22,22,28.707489,80.6192703,37.8998566,1,Seagrass,-4.4
23,270894.9396,6132259.898,3,230,0.23,23,39.8617592,105.6050034,30,1,Seagrass,-4.54
24,270885.2978,6132257.245,3,240,0.24,24,64.5117264,101.1455536,30,1,Seagrass,-4.63
25,270875.6559,6132254.593,3,250,0.25,25,68.6543961,150.8574982,31.8688202,1,Seagrass,-4.61
26,270866.0141,6132251.94,3,260,0.26,26,86.8583679,281.1131287,25.0862045,2,Bare Sand,-4.8
27,270856.3723,6132249.288,3,270,0.27,27,121.6369247,309.1720581,27.8994217,2,Bare Sand,-4.94
28,270846.7305,6132246.636,3,280,0.28,28,138.884552,298.7448425,33.8169556,2,Bare Sand,-4.97
29,270837.0887,6132243.983,3,290,0.29,29,143.6625061,306.3917847,31.1247921,2,Bare Sand,-5.03
30,270827.4468,6132241.331,3,300,0.3,30,124.4203796,261.5614624,24.3243599,2,Bare Sand,-5.16
31,270817.805,6132238.678,3,310,0.31,31,72.4067154,154.5444031,18.3151608,1,Seagrass,-5.27
32,270808.1632,6132236.026,3,320,0.32,32,76.812851,147.2884064,22.6998367,1,Seagrass,-5.36
33,270798.5214,6132233.373,3,330,0.33,33,140.1338043,278.6012573,26.4852104,2,Bare Sand,-5.42
34,270788.8796,6132230.721,3,340,0.34,34,147.7929077,292.7759705,30.5091553,2,Bare Sand,-5.39
35,270779.2378,6132228.069,3,350,0.35,35,99.7854919,206.6923676,33.7212868,1,Seagrass,-5.29
36,270769.5959,6132225.416,3,360,0.36,36,116.3188019,234.7397156,32.8091354,2,Bare Sand,-5.31
37,270759.9541,6132222.764,3,370,0.37,37,148.2111969,295.2894287,31.1171322,2,Bare Sand,-5.41
38,270750.3123,6132220.111,3,380,0.38,38,153.8279266,296.7596741,34.1185608,2,Bare Sand,-5.31
39,270740.6705,6132217.459,3,390,0.39,39,139.2753448,281.3930664,37.170475,2,Bare Sand,-5.43
40,270731.0287,6132214.807,3,400,0.4,40,101.885582,245.2173309,38.8839607,2,Bare Sand,-5.46
41,270721.3868,6132212.154,3,410,0.41,41,85.8261414,167.8169708,37.0868034,1,Seagrass,-5.47
42,270711.745,6132209.502,3,420,0.42,42,100.1062851,189.565567,34.1293297,1,Seagrass,-5.43
43,270702.1032,6132206.849,3,430,0.43,43,164.2337189,314.7317505,30.9195156,2,Bare Sand,-5.45
44,270692.4614,6132204.197,3,440,0.44,44,171.3110809,339.7545166,30.5077209,2,Bare Sand,-5.36
45,270682.8196,6132201.544,3,450,0.45,45,158.4313202,306.9881592,30.5490646,2,Bare Sand,-5.44
46,270673.1777,6132198.892,3,460,0.46,46,166.8260956,294.5911255,26.0058022,2,Bare Sand,-5.46
47,270663.5359,6132196.24,3,470,0.47,47,194.1656494,337.4148254,28.2364922,2,Bare Sand,-5.49
48,270653.8941,6132193.587,3,480,0.48,48,210.7775879,376.2061157,33.8894081,2,Bare Sand,-5.52
49,270644.2523,6132190.935,3,490,0.49,49,220.5093231,366.1166382,33.1495399,2,Bare Sand,-5.58
50,270634.6105,6132188.282,3,500,0.5,50,214.895401,400.9401855,34.9610481,2,Bare Sand,-5.59
51,270624.9687,6132185.63,3,510,0.51,51,203.3626862,414.1932678,34.0031319,2,Bare Sand,-5.63
52,270615.3268,6132182.978,3,520,0.52,52,203.5448303,399.0037231,34.9805374,2,Bare Sand,-5.67
53,270605.685,6132180.325,3,530,0.53,53,244.8109589,418.0489502,39.9112701,2,Bare Sand,-5.71
54,270596.0432,6132177.673,3,540,0.54,54,242.5182037,419.6090393,41.233429,2,Bare Sand,-5.73
55,270586.4014,6132175.02,3,550,0.55,55,235.1318817,416.8766174,42.1276741,2,Bare Sand,-5.77
56,270576.7596,6132172.368,3,560,0.56,56,232.2184601,415.5568848,45.3942757,2,Bare Sand,-5.8
57,270567.1177,6132169.715,3,570,0.57,57,237.0458527,420.2363586,42.9840889,2,Bare Sand,-5.82
58,270557.4759,6132167.063,3,580,0.58,58,245.0192871,415.6211853,40.9608459,2,Bare Sand,-5.86
59,270547.8341,6132164.411,3,590,0.59,59,246.3600006,403.2672729,34.4401207,2,Bare Sand,-5.89
60,270538.1923,6132161.758,3,600,0.6,60,245.6857758,392.9529114,25.4217587,2,Bare Sand,-5.91
61,270528.5505,6132159.106,3,610,0.61,61,248.1536102,401.1430054,28.163269,2,Bare Sand,-5.93
62,270518.9087,6132156.453,3,620,0.62,62,246.89328,417.7462463,31.9092808,2,Bare Sand,-5.95
63,270509.2668,6132153.801,3,630,0.63,63,238.7298126,414.7361145,33.2996292,2,Bare Sand,-5.98
64,270499.625,6132151.149,3,640,0.64,64,236.5609283,413.3254395,35.0516815,2,Bare Sand,-5.98
65,270489.9832,6132148.496,3,650,0.65,65,240.4094543,424.5795898,34.5503159,2,Bare Sand,-6
66,270480.3414,6132145.844,3,660,0.66,66,254.3835144,426.7324524,38.3338814,2,Bare Sand,-6
67,270470.6996,6132143.191,3,670,0.67,67,253.2595367,426.3973999,44.2199821,2,Bare Sand,-6.05
68,270461.0577,6132140.539,3,680,0.68,68,236.8730774,415.432312,42.2215729,2,Bare Sand,-6.03
69,270451.4159,6132137.886,3,690,0.69,69,221.5439911,406.190979,37.621048,2,Bare Sand,-6.03
70,270441.7741,6132135.234,3,700,0.7,70,213.3951263,403.0654297,37.9683113,2,Bare Sand,-6.04
71,270432.1323,6132132.582,3,710,0.71,71,223.4155121,395.7931519,38.2867699,2,Bare Sand,-6.07
72,270422.4905,6132129.929,3,720,0.72,72,236.047226,396.9094238,39.2509499,2,Bare Sand,-6.07
73,270412.8486,6132127.277,3,730,0.73,73,230.7401123,387.6080322,40.1661606,2,Bare Sand,-6.11
74,270403.2068,6132124.624,3,740,0.74,74,225.3475952,363.242157,41.0067368,2,Bare Sand,-6.15
75,270393.565,6132121.972,3,750,0.75,75,203.9258728,335.2234192,41.4028664,2,Bare Sand,-6.16
76,270383.9232,6132119.319,3,760,0.76,76,199.9172211,341.4278259,42.0146561,2,Bare Sand,-6.19
77,270374.2814,6132116.667,3,770,0.77,77,177.5931702,314.6261292,42.6186981,2,Bare Sand,-6.23
78,270364.6396,6132114.015,3,780,0.78,78,174.7402954,314.5767517,42.3305855,2,Bare Sand,-6.25
79,270354.9977,6132111.362,3,790,0.79,79,181.9129333,316.5481567,45.6367226,2,Bare Sand,-6.27
80,270345.3559,6132108.71,3,800,0.8,80,190.0625763,325.9213257,46.1953964,2,Bare Sand,-6.3
81,270335.7141,6132106.057,3,810,0.81,81,200.0806732,334.0039978,45.9024811,2,Bare Sand,-6.29
82,270326.0723,6132103.405,3,820,0.82,82,220.4004211,345.8865967,46.909874,2,Bare Sand,-6.31
83,270316.4305,6132100.753,3,830,0.83,83,216.9924774,338.5169983,46.01408,2,Bare Sand,-6.32
84,270306.7886,6132098.1,3,840,0.84,84,211.8416595,342.2198486,50.5678749,2,Bare Sand,-6.31
85,270297.1468,6132095.448,3,850,0.85,85,242.7646332,342.6161804,46.4748573,1,Seagrass,-6.31
86,270287.505,6132092.795,3,860,0.86,86,236.8014984,350.0810242,48.0504189,2,Bare Sand,-6.3
87,270277.8632,6132090.143,3,870,0.87,87,236.4350586,367.2715454,50.4191818,2,Bare Sand,-6.32
88,270268.2214,6132087.49,3,880,0.88,88,253.5611725,404.182373,51.6778603,2,Bare Sand,-6.32
89,270258.5796,6132084.838,3,890,0.89,89,270.9773254,400.0612793,52.0104065,2,Bare Sand,-6.33
90,270248.9377,6132082.185,3,900,0.9,90,224.3613281,341.6542053,52.7170563,2,Bare Sand,-6.34
91,270239.2959,6132079.533,3,910,0.91,91,210.7143555,334.5009766,53.5704117,1,Seagrass,-6.35
92,270229.6541,6132076.881,3,920,0.92,92,233.3200836,364.904541,54,2,Bare Sand,-6.38
93,270220.0123,6132074.228,3,930,0.93,93,259.6070251,376.3703308,54.4987717,1,Seagrass,-6.28
94,270210.3705,6132071.576,3,940,0.94,94,275.7235107,383.6280212,55,1,Seagrass,-6.46
95,270200.7286,6132068.923,3,950,0.95,95,258.6530457,370.3201294,55.4271393,1,Seagrass,-6.47
96,270191.0868,6132066.271,3,960,0.96,96,212.5323792,292.3253784,56,1,Seagrass,-6.48
97,270181.445,6132063.619,3,970,0.97,97,150.4459534,197.4416351,55.7452698,1,Seagrass,-6.48
98,270171.8032,6132060.966,3,980,0.98,98,156.1322937,219.5098877,51.3926163,1,Seagrass,-6.5
99,270162.1614,6132058.314,3,990,0.99,99,182.9343262,273.5065002,52.1620064,1,Seagrass,-6.54
100,270152.5196,6132055.661,3,1000,1,100,215.3691101,304.401886,62.0390472,1,Seagrass,-6.23
101,270142.8777,6132053.009,3,1010,1.01,101,182.2696686,260.067688,52.8525314,1,Seagrass,-6.71
102,270133.2359,6132050.356,3,1020,1.02,102,130.1807251,204.7080231,58.439682,1,Seagrass,-6.7
103,270123.5941,6132047.704,3,1030,1.03,103,155.1222534,240.7519684,61.4162636,1,Seagrass,-6.79
104,270113.9523,6132045.052,3,1040,1.04,104,260.4822998,357.8417969,59.7882957,1,Seagrass,-6.84
105,270104.3105,6132042.399,3,1050,1.05,105,221.3224487,330.7451477,58.4029732,1,Seagrass,-6.5
106,270094.6686,6132039.747,3,1060,1.06,106,180.8506927,281.433197,58.6929703,1,Seagrass,-6.91
107,270085.0268,6132037.094,3,1070,1.07,107,154.5878448,199.8069458,60.7427979,1,Seagrass,-6.86
108,270075.385,6132034.442,3,1080,1.08,108,125.4572906,196.9185944,59.7980003,1,Seagrass,-6.89
109,270065.7432,6132031.789,3,1090,1.09,109,159.0418701,231.2151642,53.1037483,1,Seagrass,-6.95
110,270056.1014,6132029.137,3,1100,1.1,110,121.9106216,174.3449402,56.9555817,1,Seagrass,-6.94
111,270046.4595,6132026.485,3,1110,1.11,111,89.5696106,142.5703278,63.3794289,1,Seagrass,-6.62
112,270036.8177,6132023.832,3,1120,1.12,112,168.6801453,209.2471161,61.1530342,1,Seagrass,-6.92
113,270027.1759,6132021.18,3,1130,1.13,113,280.4636536,342.0762329,62.5965996,1,Seagrass,-7
114,270017.5341,6132018.527,3,1140,1.14,114,320.7180481,411.3693542,61.9465904,2,Bare Sand,-7.05
115,270007.8923,6132015.875,3,1150,1.15,115,347.8616333,429.540741,61.7526512,2,Bare Sand,-7.09
116,269998.2505,6132013.223,3,1160,1.16,116,310.3902283,401.1365051,57.0544014,2,Bare Sand,-6.98
117,269988.6086,6132010.57,3,1170,1.17,117,202.9779358,285.3347778,59.9707527,1,Seagrass,-6.93
118,269978.9668,6132007.918,3,1180,1.18,118,136.4335938,174.7657471,56.789093,1,Seagrass,-6.92
119,269969.325,6132005.265,3,1190,1.19,119,117.1731415,169.4186401,55.6592941,1,Seagrass,-6.97
120,269959.6832,6132002.613,3,1200,1.2,120,142.0514679,211.4107513,55.776413,1,Seagrass,-7.13
121,269950.0414,6131999.961,3,1210,1.21,121,145.7375336,211.320755,56,1,Seagrass,-7.26
122,269940.3995,6131997.308,3,1220,1.22,122,115.1846695,147.3296356,56,1,Seagrass,-7.27
123,269930.7577,6131994.656,3,1230,1.23,123,92.6953735,97.8820343,56,1,Seagrass,-7.22
124,269921.1159,6131992.003,3,1240,1.24,124,74.9268112,82.4402695,56,1,Seagrass,-7.36
125,269911.4741,6131989.351,3,1250,1.25,125,63.2941132,66.9273529,56,1,Seagrass,-7.43
126,269901.8323,6131986.698,3,1260,1.26,126,70.0215378,80.4673767,56,1,Seagrass,-7.37
127,269892.1905,6131984.046,3,1270,1.27,127,75.5616989,91.7966385,56,1,Seagrass,-7.07
128,269882.5486,6131981.394,3,1280,1.28,128,66.2126999,81.6769333,56,1,Seagrass,-7.08
129,269872.9068,6131978.741,3,1290,1.29,129,57.464222,67.6443787,56.2620239,1,Seagrass,-7.14
130,269863.265,6131976.089,3,1300,1.3,130,64.7188721,70.7197571,56.6433144,1,Seagrass,-6.99
131,269853.6232,6131973.436,3,1310,1.31,131,61.8413849,95.2579269,52.1087723,1,Seagrass,-7.01
132,269843.9814,6131970.784,3,1320,1.32,132,86.9462051,114.0876389,54.6682739,1,Seagrass,-7.18
133,269834.3395,6131968.131,3,1330,1.33,133,161.1634827,195.4881439,57.2376175,1,Seagrass,-7.29
134,269824.6977,6131965.479,3,1340,1.34,134,195.6645966,243.641861,55.076683,1,Seagrass,-7.22
135,269815.0559,6131962.827,3,1350,1.35,135,131.5761108,150.2326202,56.0041313,1,Seagrass,-7.63
136,269805.4141,6131960.174,3,1360,1.36,136,117.9120712,157.3283386,56,1,Seagrass,-7.7
137,269795.7723,6131957.522,3,1370,1.37,137,187.2245483,234.9082794,56,1,Seagrass,-7.79
138,269786.1304,6131954.869,3,1380,1.38,138,205.7575226,236.7264709,56.8970757,1,Seagrass,-7.31
139,269776.4886,6131952.217,3,1390,1.39,139,150.7134552,181.3505554,51.557209,1,Seagrass,-7.71
140,269766.8468,6131949.565,3,1400,1.4,140,102.2717667,136.2896271,48.1979713,1,Seagrass,-7.78
141,269757.205,6131946.912,3,1410,1.41,141,105.5643082,113.4633942,48.5882912,1,Seagrass,-7.84
142,269747.5632,6131944.26,3,1420,1.42,142,145.3861694,172.7029572,48.2373428,1,Seagrass,-7.5
143,269737.9214,6131941.607,3,1430,1.43,143,207.6827545,260.9766541,48,1,Seagrass,-7.35
144,269728.2795,6131938.955,3,1440,1.44,144,274.0462952,316.2878723,48,1,Seagrass,-7.52
145,269718.6377,6131936.302,3,1450,1.45,145,311.1572266,343.4567261,48,1,Seagrass,-8
146,269708.9959,6131933.65,3,1460,1.46,146,304.8873596,348.9887085,47.9189453,1,Seagrass,-8.05
147,269699.3541,6131930.997,3,1470,1.47,147,261.6099854,312.3278809,51.1006317,1,Seagrass,-8.07
148,269689.7123,6131928.345,3,1480,1.48,148,233.6473694,289.7364807,55.5635338,1,Seagrass,-8.04
149,269680.0704,6131925.693,3,1490,1.49,149,256.0050049,293.3849182,57.3665504,1,Seagrass,-8.08
150,269670.4286,6131923.04,3,1500,1.5,150,200.8662415,227.5448303,57,1,Seagrass,-8.1
151,269660.7868,6131920.388,3,1510,1.51,151,119.068367,144.3512573,57,1,Seagrass,-8.13
152,269651.145,6131917.735,3,1520,1.52,152,107.1642685,110.7511368,57,1,Seagrass,-8.14
153,269641.5032,6131915.083,3,1530,1.53,153,140.4629974,164.0489807,57,1,Seagrass,-8.15
154,269631.8614,6131912.431,3,1540,1.54,154,168.7224731,216.0242462,57,1,Seagrass,-7.84
155,269622.2195,6131909.778,3,1550,1.55,155,128.0420685,165.5967255,57,1,Seagrass,-7.55
156,269612.5777,6131907.126,3,1560,1.56,156,96.0398941,102.1586304,57,1,Seagrass,-8.05
157,269602.9359,6131904.473,3,1570,1.57,157,82.1823349,92.5022964,57.1629219,1,Seagrass,-8.14
158,269593.2941,6131901.821,3,1580,1.58,158,147.3770447,190.9220734,55.5884628,1,Seagrass,-8.21
159,269583.6523,6131899.168,3,1590,1.59,159,224.2354126,261.8482361,49.0820122,1,Seagrass,-8.21
160,269574.0104,6131896.516,3,1600,1.6,160,204.4904785,252.8196564,48,1,Seagrass,-8.21
161,269564.3686,6131893.864,3,1610,1.61,161,218.2122498,246.1869507,48,1,Seagrass,-8.21
162,269554.7268,6131891.211,3,1620,1.62,162,123.2361908,110.9496994,48,1,Seagrass,-8.21
163,269545.085,6131888.559,3,1630,1.63,163,69.7226334,74.3882751,48,1,Seagrass,-8.21
164,269535.4432,6131885.906,3,1640,1.64,164,49.6005783,64.4431992,48.0866241,1,Seagrass,-8.21
165,269525.8013,6131883.254,3,1650,1.65,165,63.0972977,63.4622078,48,1,Seagrass,-8.21
166,269516.1595,6131880.601,3,1660,1.66,166,63.5432053,66.2166519,47.6111488,1,Seagrass,-8.21
167,269506.5177,6131877.949,3,1670,1.67,167,90.136261,72.4521713,53.4826698,1,Seagrass,-8.21
168,269496.8759,6131875.297,3,1680,1.68,168,170.8989563,179.8088531,57.2366676,1,Seagrass,-8.21
169,269487.2341,6131872.644,3,1690,1.69,169,248.9128723,287.9981995,54.7106972,1,Seagrass,-8.21
170,269477.5923,6131869.992,3,1700,1.7,170,250.074707,295.9477234,47.2056465,1,Seagrass,-8.21
171,269467.9504,6131867.339,3,1710,1.71,171,201.075119,231.9090424,46.6042824,1,Seagrass,-8.21
172,269458.3086,6131864.687,3,1720,1.72,172,174.9827271,177.0584564,50.8022232,1,Seagrass,-8.21
173,269448.6668,6131862.035,3,1730,1.73,173,206.6976013,214.9803925,56.1247139,1,Seagrass,-8.21
174,269439.025,6131859.382,3,1740,1.74,174,212.5541992,252.2428284,57.7280807,1,Seagrass,-8.21
175,269429.3832,6131856.73,3,1750,1.75,175,219.7186279,264.9503174,57,1,Seagrass,-8.21
176,269419.7413,6131854.077,3,1760,1.76,176,229.0196228,263.7849426,56.9562531,1,Seagrass,-8.21
177,269410.0995,6131851.425,3,1770,1.77,177,242.203186,278.9248047,57,1,Seagrass,-8.21
178,269400.4577,6131848.772,3,1780,1.78,178,270.5179443,308.3117676,57,1,Seagrass,-8.21
179,269390.8159,6131846.12,3,1790,1.79,179,280.8615417,321.6143799,57,1,Seagrass,-8.21
180,269381.1741,6131843.468,3,1800,1.8,180,252.8090668,299.754425,56.3777771,1,Seagrass,-8.21
181,269371.5323,6131840.815,3,1810,1.81,181,196.8622742,219.9889679,53.0320282,1,Seagrass,-8.21
182,269361.8904,6131838.163,3,1820,1.82,182,107.5947723,132.2886047,50.3335381,1,Seagrass,-8.21
183,269352.2486,6131835.51,3,1830,1.83,183,82.3345871,86.4599838,49.4067993,1,Seagrass,-8.21
184,269342.6068,6131832.858,3,1840,1.84,184,66.1883316,84.0813828,52.3306503,1,Seagrass,-8.21
185,269332.965,6131830.206,3,1850,1.85,185,72.0038452,83.7430038,56.5205612,1,Seagrass,-8.21
186,269323.3232,6131827.553,3,1860,1.86,186,73.4162521,80.6938705,57.5146904,1,Seagrass,-8.21
187,269313.6813,6131824.901,3,1870,1.87,187,72.27314,70.6217041,62.5474281,1,Seagrass,-8.21
188,269304.0395,6131822.248,3,1880,1.88,188,85.3251953,83.7709885,58.7433205,1,Seagrass,-8.21
189,269294.3977,6131819.596,3,1890,1.89,189,157.7613068,193.6584167,57.3320389,1,Seagrass,-8.21
190,269284.7559,6131816.943,3,1900,1.9,190,244.7178345,273.1732483,54.4302711,1,Seagrass,-8.21
191,269275.1141,6131814.291,3,1910,1.91,191,151.7352905,152.0417633,47.7237167,1,Seagrass,-8.21
192,269265.4722,6131811.639,3,1920,1.92,192,116.0600739,140.91362,52.875576,1,Seagrass,-8.21
193,269255.8304,6131808.986,3,1930,1.93,193,101.6925812,126.3995972,57.1669083,1,Seagrass,-8.21
194,269246.1886,6131806.334,3,1940,1.94,194,84.8083496,84.2091141,57.0158539,1,Seagrass,-8.21
195,269236.5468,6131803.681,3,1950,1.95,195,59.8567772,67.7234497,50.5922546,1,Seagrass,-8.21
196,269226.905,6131801.029,3,1960,1.96,196,59.8105774,71.1797409,44.6797104,1,Seagrass,-8.21
197,269217.2632,6131798.377,3,1970,1.97,197,74.7354889,64.7129059,47.0539436,1,Seagrass,-8.21
198,269207.6213,6131795.724,3,1980,1.98,198,121.4778442,130.1410522,47.3500061,1,Seagrass,-8.21
199,269197.9795,6131793.072,3,1990,1.99,199,202.8603821,220.5645294,48.4733696,1,Seagrass,-8.21
200,269188.3377,6131790.419,3,2000,2,200,240.0338593,269.2647705,50.747879,1,Seagrass,-8.21
201,269178.6959,6131787.767,3,2010,2.01,201,241.9095001,288.5728455,53.5192299,1,Seagrass,-8.21
202,269169.0541,6131785.114,3,2020,2.02,202,256.5393982,291.7763367,51.2061768,1,Seagrass,-8.21
203,269159.4122,6131782.462,3,2030,2.03,203,269.9484863,282.5012512,48.1119804,1,Seagrass,-8.21
204,269149.7704,6131779.81,3,2040,2.04,204,246.1339417,255.7359009,48,1,Seagrass,-8.21
205,269140.1286,6131777.157,3,2050,2.05,205,185.8491058,182.502655,48,1,Seagrass,-8.21
206,269130.4868,6131774.505,3,2060,2.06,206,134.7309723,138.062088,48.2204742,1,Seagrass,-8.21
207,269120.845,6131771.852,3,2070,2.07,207,160.6515808,176.8009033,48.9199142,1,Seagrass,-8.21
208,269111.2032,6131769.2,3,2080,2.08,208,203.8797607,216.2130432,47.7797813,1,Seagrass,-8.21
209,269101.5613,6131766.548,3,2090,2.09,209,226.3468475,251.6145477,47.9489174,1,Seagrass,-8.21
210,269091.9195,6131763.895,3,2100,2.1,210,243.3505707,268.2733459,49.4375191,1,Seagrass,-8.21
211,269082.2777,6131761.243,3,2110,2.11,211,240.6092224,261.5283203,49.3629532,1,Seagrass,-8.21
212,269072.6359,6131758.59,3,2120,2.12,212,234.802475,270.6846313,48,1,Seagrass,-8.21
213,269062.9941,6131755.938,3,2130,2.13,213,235.6177063,249.3778076,49.7300644,1,Seagrass,-8.21
214,269053.3522,6131753.285,3,2140,2.14,214,217.3856354,244.4682159,56.9684906,1,Seagrass,-8.21
215,269043.7104,6131750.633,3,2150,2.15,215,208.2462463,229.0786896,57.3986511,1,Seagrass,-8.21
216,269034.0686,6131747.98,3,2160,2.16,216,202.8035583,252.9196777,54.7893867,1,Seagrass,-8.21
217,269024.4268,6131745.328,3,2170,2.17,217,174.9104919,231.2989044,57.8581924,1,Seagrass,-8.21
218,269014.785,6131742.676,3,2180,2.18,218,116.1616974,109.9198227,56.2289429,1,Seagrass,-8.21
219,269005.1431,6131740.023,3,2190,2.19,219,74.5258255,72.9513702,55.0305786,1,Seagrass,-8.21
220,268995.5013,6131737.371,3,2200,2.2,220,58.6066628,78.3314896,48.5233841,1,Seagrass,-8.21
221,268985.8595,6131734.718,3,2210,2.21,221,86.7702103,89.1673431,48,1,Seagrass,-8.21
222,268976.2177,6131732.066,3,2220,2.22,222,120.6105423,127.728035,48,1,Seagrass,-8.21
223,268966.5759,6131729.414,3,2230,2.23,223,105.4669647,121.2277679,48.4706039,1,Seagrass,-8.21
224,268956.9341,6131726.761,3,2240,2.24,224,88.4993362,107.2815781,50.8175125,1,Seagrass,-8.21
225,268947.2922,6131724.109,3,2250,2.25,225,144.212265,155.3252411,53.0790291,1,Seagrass,-8.21
226,268937.6504,6131721.456,3,2260,2.26,226,201.4563141,207.6752472,59.3755112,1,Seagrass,-8.21
227,268928.0086,6131718.804,3,2270,2.27,227,184.3495483,203.8086853,60.0917854,1,Seagrass,-8.21
228,268918.3668,6131716.151,3,2280,2.28,228,103.9019928,126.0010071,60.0098114,1,Seagrass,-8.21
229,268908.725,6131713.499,3,2290,2.29,229,55.1889076,68.7927933,61.5539513,1,Seagrass,-8.21
230,268899.0831,6131710.847,3,2300,2.3,230,58.9665184,58.1244736,56.8443756,1,Seagrass,-8.21
231,268889.4413,6131708.194,3,2310,2.31,231,52.6676674,60.069519,54.3972473,1,Seagrass,-8.21
232,268879.7995,6131705.542,3,2320,2.32,232,49.0464935,55.9631004,45.7508011,1,Seagrass,-8.21
233,268870.1577,6131702.889,3,2330,2.33,233,56.6334534,47.4776192,49.2068748,1,Seagrass,-8.21
234,268860.5159,6131700.237,3,2340,2.34,234,53.3403015,44.9956779,57.1182556,1,Seagrass,-8.21
235,268850.8741,6131697.584,3,2350,2.35,235,51.5492439,53.0462875,53.9285774,1,Seagrass,-8.21
236,268841.2322,6131694.932,3,2360,2.36,236,60.8030624,59.2351761,51.6920052,1,Seagrass,-8.21
237,268831.5904,6131692.28,3,2370,2.37,237,58.578022,50.1901474,52.5922203,1,Seagrass,-8.21
238,268821.9486,6131689.627,3,2380,2.38,238,63.3214073,48.4683151,49.8666725,1,Seagrass,-8.21
239,268812.3068,6131686.975,3,2390,2.39,239,54.9424858,44.8692322,48.0531845,1,Seagrass,-8.21
240,268802.665,6131684.322,3,2400,2.4,240,46.4921036,57.0656891,48,1,Seagrass,-8.21
241,268793.0231,6131681.67,3,2410,2.41,241,50.2557602,56.8684921,48.0658302,1,Seagrass,-8.21
242,268783.3813,6131679.018,3,2420,2.42,242,48.2503548,54.6910095,48.5014038,1,Seagrass,-8.21
243,268773.7395,6131676.365,3,2430,2.43,243,38.3816299,52.2665062,48.8135223,1,Seagrass,-8.21
244,268764.0977,6131673.713,3,2440,2.44,244,44.4881363,48.9259567,53.6115074,1,Seagrass,-8.21
245,268754.4559,6131671.06,3,2450,2.45,245,54.5061493,53.6506882,55.5312996,1,Seagrass,-8.21
246,268744.8141,6131668.408,3,2460,2.46,246,58.7689209,56.9830513,57.6469536,1,Seagrass,-8.21
247,268735.1722,6131665.755,3,2470,2.47,247,52.467289,51.6706772,57.0159187,1,Seagrass,-8.21
248,268725.5304,6131663.103,3,2480,2.48,248,45.1989708,52.8335495,55.3228836,1,Seagrass,-8.21
249,268715.8886,6131660.451,3,2490,2.49,249,44.9595757,45.1281891,52.8234291,1,Seagrass,-8.21
250,268706.2468,6131657.798,3,2500,2.5,250,44.4700813,34.2201576,56.2467766,1,Seagrass,-8.21
251,268696.605,6131655.146,3,2510,2.51,251,28.1280785,39.3214417,57,1,Seagrass,-8.21
252,268686.9631,6131652.493,3,2520,2.52,252,32.6201973,43.8022232,50.2210236,1,Seagrass,-8.21
253,268677.3213,6131649.841,3,2530,2.53,253,42.8055801,45.736187,66.3236771,1,Seagrass,-8.21
254,268667.6795,6131647.189,3,2540,2.54,254,49.6342812,54.8694077,62.762001,1,Seagrass,-8.21
255,268658.0377,6131644.536,3,2550,2.55,255,50.4285545,58.8126678,53.8208466,1,Seagrass,-8.21
256,268648.3959,6131641.884,3,2560,2.56,256,40.9128189,51.3529015,49.0642738,1,Seagrass,-8.21
257,268638.754,6131639.231,3,2570,2.57,257,50.0230598,46.6647568,54.6217422,1,Seagrass,-8.21
258,268629.1122,6131636.579,3,2580,2.58,258,58.2916908,50.7357712,58.1535263,1,Seagrass,-8.21
259,268619.4704,6131633.926,3,2590,2.59,259,63.6267548,55.9036407,55.4785194,1,Seagrass,-8.21
260,268609.8286,6131631.274,3,2600,2.6,260,53.3618736,53.6958389,49.7961693,1,Seagrass,-8.21
261,268600.1868,6131628.622,3,2610,2.61,261,48.3269043,47.2017899,47.5051498,1,Seagrass,-8.21
262,268590.545,6131625.969,3,2620,2.62,262,46.8993454,47.2617531,51.1064186,1,Seagrass,-8.21
263,268580.9031,6131623.317,3,2630,2.63,263,42.0602531,50.6756516,53.4688301,1,Seagrass,-8.21
264,268571.2613,6131620.664,3,2640,2.64,264,52.3219185,45.9398003,51.6737366,1,Seagrass,-8.21
265,268561.6195,6131618.012,3,2650,2.65,265,59.5016899,40.473793,52.6165657,1,Seagrass,-8.21
266,268551.9777,6131615.36,3,2660,2.66,266,60.1148071,48.9751663,49.4244614,1,Seagrass,-8.21
267,268542.3359,6131612.707,3,2670,2.67,267,58.9613266,54.2053223,47.5632706,1,Seagrass,-8.21
268,268532.694,6131610.055,3,2680,2.68,268,49.4432335,56.238739,52.4592628,1,Seagrass,-8.21
269,268523.0522,6131607.402,3,2690,2.69,269,46.9770279,59.5582504,53.9032898,1,Seagrass,-8.21
270,268513.4104,6131604.75,3,2700,2.7,270,55.8315735,53.7568703,50.82938,1,Seagrass,-8.21
271,268503.7686,6131602.097,3,2710,2.71,271,66.6819077,52.2969017,49.1192207,1,Seagrass,-8.21
272,268494.1268,6131599.445,3,2720,2.72,272,61.146347,46.6047211,47.703949,1,Seagrass,-8.21
273,268484.485,6131596.793,3,2730,2.73,273,42.4970398,34.7888527,41.0407677,1,Seagrass,-8.21
274,268474.8431,6131594.14,3,2740,2.74,274,47.9048271,28.4454556,43.9575882,1,Seagrass,-8.21
275,268465.2013,6131591.488,3,2750,2.75,275,61.2716942,45.1860237,52.1689796,1,Seagrass,-8.21
276,268455.5595,6131588.835,3,2760,2.76,276,62.6861954,47.5218773,56.9746475,1,Seagrass,-8.21
277,268445.9177,6131586.183,3,2770,2.77,277,65.6874619,62.0106812,56.2692566,1,Seagrass,-8.21
278,268436.2759,6131583.53,3,2780,2.78,278,71.9412079,77.4669495,49.7836723,1,Seagrass,-8.21
279,268426.634,6131580.878,3,2790,2.79,279,75.8362579,74.2803955,52.5218277,1,Seagrass,-8.21
280,268416.9922,6131578.226,3,2800,2.8,280,57.9367828,56.209343,55.2428818,1,Seagrass,-8.21
281,268407.3504,6131575.573,3,2810,2.81,281,53.3441811,49.4705544,56.0573196,1,Seagrass,-8.2436895
282,268397.7086,6131572.921,3,2820,2.82,282,55.499588,47.4781113,58.8486786,1,Seagrass,-8.2890806
283,268388.0668,6131570.268,3,2830,2.83,283,62.0277672,40.5570564,60.5317955,1,Seagrass,-8.3344707
284,268378.4249,6131567.616,3,2840,2.84,284,52.8533897,37.133522,55.1806946,1,Seagrass,-8.3798618
285,268368.7831,6131564.963,3,2850,2.85,285,37.0186882,39.4230957,51.3659782,1,Seagrass,-8.425252
286,268359.1413,6131562.311,3,2860,2.86,286,52.1886101,43.5969353,52.5368118,1,Seagrass,-8.4706421
287,268349.4995,6131559.659,3,2870,2.87,287,63.5477638,45.2882919,54.4601212,1,Seagrass,-8.5160332
288,268339.8577,6131557.006,3,2880,2.88,288,68.8532028,48.0064774,53.0778046,1,Seagrass,-8.5614233
289,268330.2159,6131554.354,3,2890,2.89,289,62.4811516,56.3131294,53.367672,1,Seagrass,-8.6068134
290,268320.574,6131551.701,3,2900,2.9,290,48.7851143,51.449604,54.46175,1,Seagrass,-8.6522045
291,268310.9322,6131549.049,3,2910,2.91,291,61.7729568,48.1559944,57.7768974,1,Seagrass,-8.6975956
292,268301.2904,6131546.396,3,2920,2.92,292,74.2043915,42.148922,65.3569336,1,Seagrass,-8.7429857
293,268291.6486,6131543.744,3,2930,2.93,293,71.3769913,47.474247,60.3686523,1,Seagrass,-8.7863245
294,268282.0068,6131541.092,3,2940,2.94,294,70.7026596,53.5004768,58.3999519,1,Seagrass,-8.823597
295,268272.3649,6131538.439,3,2950,2.95,295,78.2593689,60.3537025,51.5340881,1,Seagrass,-8.8608713
296,268262.7231,6131535.787,3,2960,2.96,296,101.8251495,73.8346786,42.462677,1,Seagrass,-8.8981438
297,268253.0813,6131533.134,3,2970,2.97,297,67.4781342,66.2519608,53.37463,1,Seagrass,-8.9354172
298,268243.4395,6131530.482,3,2980,2.98,298,63.779171,50.361908,48.5246468,1,Seagrass,-8.9726906
299,268233.7977,6131527.83,3,2990,2.99,299,60.1348877,56.6193199,62.1328506,1,Seagrass,-9
300,268224.1559,6131525.177,3,3000,3,300,37.7713318,61.3574677,57.816452,1,Seagrass,-9
301,268214.514,6131522.525,3,3010,3.01,301,29.7478218,55.2355003,55.5625992,1,Seagrass,-9
302,268204.8722,6131519.872,3,3020,3.02,302,58.5057373,55.002964,47.1477852,1,Seagrass,-9
303,268195.2304,6131517.22,3,3030,3.03,303,71.6122513,49.7847824,59.5930634,1,Seagrass,-9
304,268185.5886,6131514.567,3,3040,3.04,304,49.0303001,49.0520363,65.5810394,1,Seagrass,-9
305,268175.9468,6131511.915,3,3050,3.05,305,50.0301323,60.8967514,65.7099533,1,Seagrass,-9
306,268166.3049,6131509.263,3,3060,3.06,306,49.1021614,58.3211288,56.0906181,1,Seagrass,-9
307,268156.6631,6131506.61,3,3070,3.07,307,62.8774376,50.8297691,57.2487869,1,Seagrass,-9
308,268147.0213,6131503.958,3,3080,3.08,308,60.6295929,57.2281609,57.2431526,1,Seagrass,-9
309,268137.3795,6131501.305,3,3090,3.09,309,73.6060638,63.5882645,56.6074104,1,Seagrass,-9
310,268127.7377,6131498.653,3,3100,3.1,310,69.1371307,57.6517372,57.1652832,1,Seagrass,-9
311,268118.0958,6131496.001,3,3110,3.11,311,76.2173386,57.5280762,57.1000519,1,Seagrass,-9
312,268108.454,6131493.348,3,3120,3.12,312,93.3886261,55.5469742,54.3305244,1,Seagrass,-9
313,268098.8122,6131490.696,3,3130,3.13,313,76.5143585,58.836216,52.4754219,1,Seagrass,-9
314,268089.1704,6131488.043,3,3140,3.14,314,59.5192223,48.7933159,55.0081482,1,Seagrass,-9
315,268079.5286,6131485.391,3,3150,3.15,315,52.3812256,43.0843925,57.4742432,1,Seagrass,-9
316,268069.8868,6131482.738,3,3160,3.16,316,48.2154007,48.0102386,53.9859581,1,Seagrass,-9
317,268060.2449,6131480.086,3,3170,3.17,317,56.5262451,54.441555,50.025753,1,Seagrass,-9
318,268050.6031,6131477.434,3,3180,3.18,318,57.8209381,56.2166176,52.7893791,1,Seagrass,-9
319,268040.9613,6131474.781,3,3190,3.19,319,59.9027901,49.5338974,60.1304283,1,Seagrass,-9
320,268031.3195,6131472.129,3,3200,3.2,320,68.6443024,49.8413963,59.9704704,1,Seagrass,-9
321,268021.6777,6131469.476,3,3210,3.21,321,69.1510925,50.5709877,49.9659309,1,Seagrass,-9
322,268012.0358,6131466.824,3,3220,3.22,322,53.9001465,49.8619728,56.9283485,1,Seagrass,-9
323,268002.394,6131464.172,3,3230,3.23,323,45.5994225,50.5336876,61.1160965,1,Seagrass,-9
324,267992.7522,6131461.519,3,3240,3.24,324,54.4258461,59.8756485,52.1639099,1,Seagrass,-9
325,267983.1104,6131458.867,3,3250,3.25,325,48.990303,57.482193,53.0905647,1,Seagrass,-9
326,267973.4686,6131456.214,3,3260,3.26,326,58.1986694,57.493927,53.9336815,1,Seagrass,-9.0163479
327,267963.8268,6131453.562,3,3270,3.27,327,66.9245758,51.3499832,48.0168724,1,Seagrass,-9.0536222
328,267954.1849,6131450.909,3,3280,3.28,328,69.1935959,47.725956,48.3757172,1,Seagrass,-9.0908957
329,267944.5431,6131448.257,3,3290,3.29,329,56.3677826,56.6021538,48,1,Seagrass,-9.12817
330,267934.9013,6131445.605,3,3300,3.3,330,83.8425674,76.5274277,48.070282,1,Seagrass,-9.1654434
331,267925.2595,6131442.952,3,3310,3.31,331,84.6449585,79.5762177,53.2278595,1,Seagrass,-9.2027168
332,267915.6177,6131440.3,3,3320,3.32,332,70.8141174,49.5104408,53.6134529,1,Seagrass,-9.2399912
333,267905.9758,6131437.647,3,3330,3.33,333,74.9898987,45.2113533,50.7722168,1,Seagrass,-9.2772646
334,267896.334,6131434.995,3,3340,3.34,334,61.1440201,53.8599548,46.1316643,1,Seagrass,-9.314539
335,267886.6922,6131432.342,3,3350,3.35,335,75.781601,55.6287537,49.7458229,1,Seagrass,-9.3518124
336,267877.0504,6131429.69,3,3360,3.36,336,57.906517,57.0954933,47.0865173,1,Seagrass,-9.3890867
337,267867.4086,6131427.038,3,3370,3.37,337,58.9459152,52.9463081,48.3047371,1,Seagrass,-9.4263601
338,267857.7667,6131424.385,3,3380,3.38,338,51.0570908,48.1577072,55.0391197,1,Seagrass,-9.4636345
339,267848.1249,6131421.733,3,3390,3.39,339,46.856369,47.6875114,51.1187096,1,Seagrass,-9.5009089
340,267838.4831,6131419.08,3,3400,3.4,340,53.631485,47.7340927,53.093647,1,Seagrass,-9.5381823
341,267828.8413,6131416.428,3,3410,3.41,341,52.589241,51.0247879,53.5261993,1,Seagrass,-9.5754566
342,267819.1995,6131413.776,3,3420,3.42,342,54.225975,53.3244934,51.5247345,1,Seagrass,-9.61273
343,267809.5577,6131411.123,3,3430,3.43,343,55.7665901,56.8507233,54.6661301,1,Seagrass,-9.6500044
344,267799.9158,6131408.471,3,3440,3.44,344,61.2224655,59.1689034,57.4140091,1,Seagrass,-9.6872787
345,267790.274,6131405.818,3,3450,3.45,345,69.2312546,52.1044464,52.4898758,1,Seagrass,-9.7245522
346,267780.6322,6131403.166,3,3460,3.46,346,72.7445908,44.8939095,48.0801125,1,Seagrass,-9.7618265
347,267770.9904,6131400.513,3,3470,3.47,347,63.0529175,48.9026146,48.6697235,1,Seagrass,-9.7991009
348,267761.3486,6131397.861,3,3480,3.48,348,64.3409576,50.362381,51.7121887,1,Seagrass,-9.8363743
349,267751.7067,6131395.208,3,3490,3.49,349,74.8689423,50.6449814,58.3168182,1,Seagrass,-9.8736496
350,267742.0649,6131392.556,3,3500,3.5,350,77.4241867,56.0634308,56.1231155,1,Seagrass,-9.910923
351,267732.4231,6131389.904,3,3510,3.51,351,58.4901619,49.6680298,49.8750153,1,Seagrass,-9.9481974
352,267722.7813,6131387.251,3,3520,3.52,352,50.9759254,53.1973419,53.5027199,1,Seagrass,-9.9854717
353,267713.1395,6131384.599,3,3530,3.53,353,52.7112885,58.5466194,59.4599991,1,Seagrass,-10
354,267703.4977,6131381.946,3,3540,3.54,354,69.6063538,50.7783356,56.5901642,1,Seagrass,-10
355,267693.8558,6131379.294,3,3550,3.55,355,70.0391464,49.5834312,54.4230766,1,Seagrass,-10
356,267684.214,6131376.642,3,3560,3.56,356,59.3520927,53.2459755,49.2159996,1,Seagrass,-10
357,267674.5722,6131373.989,3,3570,3.57,357,66.7613907,48.9005318,50.8542747,1,Seagrass,-10
358,267664.9304,6131371.337,3,3580,3.58,358,56.7573776,70.9869995,42.7968369,1,Seagrass,-10
359,267655.2886,6131368.684,3,3590,3.59,359,69.2489624,73.9728241,54.4229202,1,Seagrass,-10
360,267645.6467,6131366.032,3,3600,3.6,360,85.7909088,73.6074219,53.7089844,1,Seagrass,-10
361,267636.0049,6131363.379,3,3610,3.61,361,86.6628952,53.0806885,48.3884583,1,Seagrass,-10
362,267626.3631,6131360.727,3,3620,3.62,362,60.8078079,52.4616737,50.4732208,1,Seagrass,-10
363,267616.7213,6131358.075,3,3630,3.63,363,66.3724442,59.1146469,51.2572975,1,Seagrass,-10
364,267607.0795,6131355.422,3,3640,3.64,364,57.1016922,55.7921295,60.5890388,1,Seagrass,-10
365,267597.4376,6131352.77,3,3650,3.65,365,62.105896,53.3972435,57.9837036,1,Seagrass,-10
366,267587.7958,6131350.117,3,3660,3.66,366,73.3301773,58.3848,53.5389175,1,Seagrass,-10
367,267578.154,6131347.465,3,3670,3.67,367,61.6838455,51.5135727,55.9531937,1,Seagrass,-10
368,267568.5122,6131344.813,3,3680,3.68,368,47.7768326,43.4714622,55.233139,1,Seagrass,-10
369,267558.8704,6131342.16,3,3690,3.69,369,45,48.7447472,48.2750664,1,Seagrass,-10
370,267549.2286,6131339.508,3,3700,3.7,370,50.7145729,47.9450226,50.8331718,1,Seagrass,-10
371,267539.5867,6131336.855,3,3710,3.71,371,54.6944618,49.0447121,57.4829865,1,Seagrass,-10
372,267529.9449,6131334.203,3,3720,3.72,372,66.2470322,64.3315582,57.0776825,1,Seagrass,-10
373,267520.3031,6131331.55,3,3730,3.73,373,72.7226944,65.0158615,53.7645073,1,Seagrass,-10
374,267510.6613,6131328.898,3,3740,3.74,374,67.1820602,63.0370979,50.9989891,1,Seagrass,-10
375,267501.0195,6131326.246,3,3750,3.75,375,62.4919968,61.7794228,46.4024124,1,Seagrass,-10
376,267491.3776,6131323.593,3,3760,3.76,376,61.6198387,61.5163193,47.0833588,1,Seagrass,-10
377,267481.7358,6131320.941,3,3770,3.77,377,72.1081085,59.5515404,48,1,Seagrass,-10
378,267472.094,6131318.288,3,3780,3.78,378,74.2671814,47.3727531,50.3247986,1,Seagrass,-10
379,267462.4522,6131315.636,3,3790,3.79,379,57.0124664,50.4189835,56.2547798,1,Seagrass,-10
380,267452.8104,6131312.984,3,3800,3.8,380,51.1711922,56.8538933,57.3496132,1,Seagrass,-10.0291557
381,267443.1686,6131310.331,3,3810,3.81,381,50.2062149,61.6800423,57.8709526,1,Seagrass,-10.066431
382,267433.5267,6131307.679,3,3820,3.82,382,52.3812103,65.0193405,56.8421402,1,Seagrass,-10.1037054
383,267423.8849,6131305.026,3,3830,3.83,383,83.633667,64.4423599,55.9856377,1,Seagrass,-10.1409807
384,267414.2431,6131302.374,3,3840,3.84,384,52.2210236,51.8279724,50.0730553,1,Seagrass,-10.1782551
385,267404.6013,6131299.721,3,3850,3.85,385,73.1519775,45.942852,47.0933685,1,Seagrass,-10.2155294
386,267394.9595,6131297.069,3,3860,3.86,386,60.6320114,80.4219589,48.0016747,1,Seagrass,-10.2528048
387,267385.3176,6131294.417,3,3870,3.87,387,63.5353432,57.1775093,48.0037041,1,Seagrass,-10.2900801
388,267375.6758,6131291.764,3,3880,3.88,388,63.240551,53.1061478,47.3693008,1,Seagrass,-10.3273544
389,267366.034,6131289.112,3,3890,3.89,389,62.2626915,50.4612045,52.4905586,1,Seagrass,-10.3646288
390,267356.3922,6131286.459,3,3900,3.9,390,66.3839722,54.5184975,52.8416557,1,Seagrass,-10.4019041
391,267346.7504,6131283.807,3,3910,3.91,391,59.8226089,58.7435493,50.0696907,1,Seagrass,-10.4391785
392,267337.1085,6131281.154,3,3920,3.92,392,69.0466919,63.9704971,48.2595329,1,Seagrass,-10.4764538
393,267327.4667,6131278.502,3,3930,3.93,393,58.0321274,66.6544647,48,1,Seagrass,-10.5137291
394,267317.8249,6131275.85,3,3940,3.94,394,66.3274918,58.6946793,48,1,Seagrass,-10.5510035
395,267308.1831,6131273.197,3,3950,3.95,395,68.6374817,50.6444092,48.424366,1,Seagrass,-10.5882788
396,267298.5413,6131270.545,3,3960,3.96,396,63.8279572,51.7855263,57.1102562,1,Seagrass,-10.6255531
397,267288.8995,6131267.892,3,3970,3.97,397,70.2477264,56.1513557,59.4473991,1,Seagrass,-10.6628284
398,267279.2576,6131265.24,3,3980,3.98,398,70.0518723,65.9838715,55.1661797,1,Seagrass,-10.7001038
399,267269.6158,6131262.588,3,3990,3.99,399,58.761364,58.729454,51.9624405,1,Seagrass,-10.7373791
400,267259.974,6131259.935,3,4000,4,400,56.7908897,45.4236107,48.1932297,1,Seagrass,-10.7746534
401,267250.3322,6131257.283,3,4010,4.01,401,61.4163551,47.4894943,39.7700348,1,Seagrass,-10.8119287
402,267240.6904,6131254.63,3,4020,4.02,402,67.6465073,61.6858253,39.2983971,1,Seagrass,-10.8492041
403,267231.0485,6131251.978,3,4030,4.03,403,72.9191208,71.8710098,51.6292953,1,Seagrass,-10.8864794
404,267221.4067,6131249.325,3,4040,4.04,404,66.6514053,63.8429108,55.5536766,1,Seagrass,-10.9237537
405,267211.7649,6131246.673,3,4050,4.05,405,71.0515518,58.5907669,53.1624832,1,Seagrass,-10.9610291
406,267202.1231,6131244.021,3,4060,4.06,406,75.7352829,74.2394562,55.3242874,1,Seagrass,-10.9983044
407,267192.4813,6131241.368,3,4070,4.07,407,82.8700256,79.9181519,51.5401154,1,Seagrass,-11
408,267182.8395,6131238.716,3,4080,4.08,408,73.4612122,60.8417892,50.2382889,1,Seagrass,-11
409,267173.1976,6131236.063,3,4090,4.09,409,88.5395813,44.7192612,52.8366928,1,Seagrass,-11
410,267163.5558,6131233.411,3,4100,4.1,410,58.0529785,44.1371613,46.7722397,1,Seagrass,-11
411,267153.914,6131230.759,3,4110,4.11,411,59.8358231,53.8556595,46.2841606,1,Seagrass,-11
412,267144.2722,6131228.106,3,4120,4.12,412,62.387291,54.8801727,51.1381569,1,Seagrass,-11
413,267134.6304,6131225.454,3,4130,4.13,413,55.4266548,57.0756149,43.3541145,1,Seagrass,-11
414,267124.9885,6131222.801,3,4140,4.14,414,62.0079613,57.7915955,56.9883842,1,Seagrass,-11
415,267115.3467,6131220.149,3,4150,4.15,415,65.097084,69.4522247,45.9705238,1,Seagrass,-11
416,267105.7049,6131217.496,3,4160,4.16,416,70.5592651,65.7270508,46.1112976,1,Seagrass,-11.0000763
417,267096.0631,6131214.844,3,4170,4.17,417,67.5725632,49.9052811,57.7256241,1,Seagrass,-11.003397
418,267086.4213,6131212.191,3,4180,4.18,418,52.4902649,51.5957603,52.2995682,1,Seagrass,-11.0073214
419,267076.7795,6131209.539,3,4190,4.19,419,48.0307312,47.4518318,52.6168709,1,Seagrass,-11.0118513
420,267067.1376,6131206.887,3,4200,4.2,420,64.3967361,48.186718,46.1051674,1,Seagrass,-11.0169868
421,267057.4958,6131204.234,3,4210,4.21,421,76.1586533,53.1947441,50.3510399,1,Seagrass,-11.0227261
422,267047.854,6131201.582,3,4220,4.22,422,78.7907867,60.8391342,57.0924873,1,Seagrass,-11.0290709
423,267038.2122,6131198.929,3,4230,4.23,423,88.2314377,60.1033783,57.1090012,1,Seagrass,-11.0360193
424,267028.5704,6131196.277,3,4240,4.24,424,90.2540283,62.4728012,58.0166321,1,Seagrass,-11.0435734
425,267018.9285,6131193.625,3,4250,4.25,425,86.9907913,67.1605225,55.7243958,1,Seagrass,-11.0517321
426,267009.2867,6131190.972,3,4260,4.26,426,84.0011139,72.9206467,50.8520813,1,Seagrass,-11.0604963
427,266999.6449,6131188.32,3,4270,4.27,427,85.9827499,64.147377,52.2168579,1,Seagrass,-11.0698643
428,266990.0031,6131185.667,3,4280,4.28,428,83.8399963,52.7661362,53.9339333,1,Seagrass,-11.0798368
429,266980.3613,6131183.015,3,4290,4.29,429,63.3983421,54.8943634,50.0578461,1,Seagrass,-11.090415
430,266970.7194,6131180.362,3,4300,4.3,430,68.4586105,62.127964,49.7207527,1,Seagrass,-11.1015978
431,266961.0776,6131177.71,3,4310,4.31,431,84.6142502,69.1160507,55.0376129,1,Seagrass,-11.1133852
432,266951.4358,6131175.058,3,4320,4.32,432,69.806633,59.3836784,54.2549133,1,Seagrass,-11.1257772
433,266941.794,6131172.405,3,4330,4.33,433,77.1262054,47.3007927,52.3947296,1,Seagrass,-11.1422043
434,266932.1522,6131169.753,3,4340,4.34,434,87.2221909,60.1017761,56.1878967,1,Seagrass,-11.1821032
435,266922.5104,6131167.1,3,4350,4.35,435,83.5769806,90.1735153,54.2062073,1,Seagrass,-11.2213964
436,266912.8685,6131164.448,3,4360,4.36,436,85.8273468,75.6716232,49.4352379,1,Seagrass,-11.2600861
437,266903.2267,6131161.796,3,4370,4.37,437,80.3444443,63.4039421,49.181797,1,Seagrass,-11.2981701
438,266893.5849,6131159.143,3,4380,4.38,438,77.1661911,56.4543991,52.5840034,1,Seagrass,-11.3356495
439,266883.9431,6131156.491,3,4390,4.39,439,90.9928741,58.1261444,52.0163574,1,Seagrass,-11.3725243
440,266874.3013,6131153.838,3,4400,4.4,440,72.2594681,54.4184113,50.20961,1,Seagrass,-11.4087934
441,266864.6594,6131151.186,3,4410,4.41,441,78.1620483,56.3454552,52.9578629,1,Seagrass,-11.444459
442,266855.0176,6131148.533,3,4420,4.42,442,75.0034714,64.160553,52.2945633,1,Seagrass,-11.4795189
443,266845.3758,6131145.881,3,4430,4.43,443,110.3547897,76.3433456,51.8316422,1,Seagrass,-11.5139751
444,266835.734,6131143.229,3,4440,4.44,444,87.5739059,78.8748779,56.5075912,1,Seagrass,-11.5478258
445,266826.0922,6131140.576,3,4450,4.45,445,86.5437622,73.1534653,46.5159111,1,Seagrass,-11.5810719
446,266816.4504,6131137.924,3,4460,4.46,446,98.3425674,56.5724983,44.419445,1,Seagrass,-11.6137123
447,266806.8085,6131135.271,3,4470,4.47,447,76.5810623,46.3669662,57.5914421,1,Seagrass,-11.6457491
448,266797.1667,6131132.619,3,4480,4.48,448,67.0586243,54.4317055,57.218277,1,Seagrass,-11.6771812
449,266787.5249,6131129.967,3,4490,4.49,449,55.257267,58.2508583,50.533287,1,Seagrass,-11.7080078
450,266777.8831,6131127.314,3,4500,4.5,450,71.8606491,44.1583176,56.2482109,1,Seagrass,-11.7382307
451,266768.2413,6131124.662,3,4510,4.51,451,76.4523163,38.7772636,57.8141594,1,Seagrass,-11.767848
452,266758.5994,6131122.009,3,4520,4.52,452,76.8953094,57.1676331,51.0241814,1,Seagrass,-11.7968607
453,266748.9576,6131119.357,3,4530,4.53,453,94.296196,73.0060883,45.1500854,1,Seagrass,-11.8252687
454,266739.3158,6131116.704,3,4540,4.54,454,92.9287186,66.6115875,51.2066574,1,Seagrass,-11.8530722
455,266729.674,6131114.052,3,4550,4.55,455,71.0913086,56.7236252,53.9373436,1,Seagrass,-11.880271
456,266720.0322,6131111.4,3,4560,4.56,456,66.2510529,52.7926483,45.7939186,1,Seagrass,-11.9068642
457,266710.3903,6131108.747,3,4570,4.57,457,70.6804504,49.3023415,44.0471115,1,Seagrass,-11.9328537
458,266700.7485,6131106.095,3,4580,4.58,458,72.9731064,42.213913,47.979847,1,Seagrass,-11.9582386
459,266691.1067,6131103.442,3,4590,4.59,459,75.8820267,45.8520203,49.2211494,1,Seagrass,-11.9830179
460,266681.4649,6131100.79,3,4600,4.6,460,82.5290985,63.3835793,48.9180565,1,Seagrass,-12.0071926
461,266671.8231,6131098.137,3,4610,4.61,461,80.9085388,67.1859512,50.1987839,1,Seagrass,-12.0307627
462,266662.1813,6131095.485,3,4620,4.62,462,61.7269745,44.5435028,46.8426628,1,Seagrass,-12.0537291
463,266652.5394,6131092.833,3,4630,4.63,463,53.8810959,41.8033829,48.2108574,1,Seagrass,-12.0760899
464,266642.8976,6131090.18,3,4640,4.64,464,62.7875671,43.3150406,43.9253387,1,Seagrass,-12.097846
465,266633.2558,6131087.528,3,4650,4.65,465,62.0188103,36.8369789,39.3331032,1,Seagrass,-12.1189976
466,266623.614,6131084.875,3,4660,4.66,466,59.0637436,46.1035881,39.0720596,1,Seagrass,-12.1395445
467,266613.9722,6131082.223,3,4670,4.67,467,71.1423416,47.6019554,45.5133972,1,Seagrass,-12.1594868
468,266604.3303,6131079.571,3,4680,4.68,468,61.5690002,51.3448563,42.4091835,1,Seagrass,-12.1788244
469,266594.6885,6131076.918,3,4690,4.69,469,61.2345695,58.7604027,40.1806717,1,Seagrass,-12.1975565
470,266585.0467,6131074.266,3,4700,4.7,470,92.5374146,59.8795662,39.6602745,1,Seagrass,-12.2156849
471,266575.4049,6131071.613,3,4710,4.71,471,103.6179733,77.7817764,49.4300156,1,Seagrass,-12.2332087
472,266565.7631,6131068.961,3,4720,4.72,472,83.574791,66.2496872,54.1322784,1,Seagrass,-12.2501268
473,266556.1213,6131066.308,3,4730,4.73,473,71.4619064,55.9356613,47.6421051,1,Seagrass,-12.2664413
474,266546.4794,6131063.656,3,4740,4.74,474,78.6024628,65.223671,48.9336929,1,Seagrass,-12.2821512
475,266536.8376,6131061.003,3,4750,4.75,475,86.1557465,65.062355,47.6823273,1,Seagrass,-12.2972555
476,266527.1958,6131058.351,3,4760,4.76,476,82.8361969,65.4160156,44.1871223,1,Seagrass,-12.3117561
477,266517.554,6131055.699,3,4770,4.77,477,82.7524719,62.8655243,50.4879265,1,Seagrass,-12.3256512
478,266507.9122,6131053.046,3,4780,4.78,478,79.8802185,55.2063026,50.9963303,1,Seagrass,-12.3389425
479,266498.2703,6131050.394,3,4790,4.79,479,70.7809448,53.05513,49.2551537,1,Seagrass,-12.3516283
480,266488.6285,6131047.741,3,4800,4.8,480,64.9501114,58.3096809,49.4732437,1,Seagrass,-12.3637104
481,266478.9867,6131045.089,3,4810,4.81,481,51.9121895,64.31987,54.1611443,1,Seagrass,-12.3751869
482,266469.3449,6131042.437,3,4820,4.82,482,54.9466362,66.5945587,53.7404671,1,Seagrass,-12.3860598
483,266459.7031,6131039.784,3,4830,4.83,483,68.1129608,56.5920296,47.5020027,1,Seagrass,-12.396327
484,266450.0612,6131037.132,3,4840,4.84,484,78.8052063,49.1751251,45.042038,1,Seagrass,-12.4059906
485,266440.4194,6131034.479,3,4850,4.85,485,98.3407745,56.9985847,47.2893448,1,Seagrass,-12.4150486
486,266430.7776,6131031.827,3,4860,4.86,486,88.0626984,58.2051735,48.9166451,1,Seagrass,-12.4235029
487,266421.1358,6131029.174,3,4870,4.87,487,66.3860397,54.9928207,46.8070259,1,Seagrass,-12.423871
488,266411.494,6131026.522,3,4880,4.88,488,56.118084,55.4347343,45.6749535,1,Seagrass,-12.41576
489,266401.8522,6131023.87,3,4890,4.89,489,60.0188713,63.0333176,46.4521599,1,Seagrass,-12.40765
490,266392.2103,6131021.217,3,4900,4.9,490,69.0183487,65.1290359,44.9647751,1,Seagrass,-12.3995399
491,266382.5685,6131018.565,3,4910,4.91,491,62.5959167,68.8229675,38.903553,1,Seagrass,-12.3914299
492,266372.9267,6131015.912,3,4920,4.92,492,60.6925392,59.1575394,39.8233871,1,Seagrass,-12.3833199
493,266363.2849,6131013.26,3,4930,4.93,493,70.3001022,49.003376,44.2420731,1,Seagrass,-12.3752089
494,266353.6431,6131010.607,3,4940,4.94,494,72.9189377,53.4641266,48.8785019,1,Seagrass,-12.3670988
495,266344.0012,6131007.955,3,4950,4.95,495,53.8965912,52.8691139,48.8869133,1,Seagrass,-12.3589888
496,266334.3594,6131005.303,3,4960,4.96,496,95.6673889,42.8923836,42.8065987,1,Seagrass,-12.3508787
497,266324.7176,6131002.65,3,4970,4.97,497,84.7780533,42.2797928,39.5154266,1,Seagrass,-12.3427696
498,266315.0758,6130999.998,3,4980,4.98,498,86.4917679,46.4941063,51.4168472,1,Seagrass,-12.3346586
499,266305.434,6130997.345,3,4990,4.99,499,69.051857,44.4087868,49.4035378,1,Seagrass,-12.3265495
500,266295.7922,6130994.693,3,5000,5,500,65.9185028,51.4943733,52.9675102,1,Seagrass,-12.3184395
501,266286.1503,6130992.041,3,5010,5.01,501,72.9378891,49.137989,55.6672363,1,Seagrass,-12.3103294
502,266276.5085,6130989.388,3,5020,5.02,502,79.0105133,53.887886,58.2336273,1,Seagrass,-12.3022194
503,266266.8667,6130986.736,3,5030,5.03,503,58.5704079,55.6914597,46.5550232,1,Seagrass,-12.2941093
504,266257.2249,6130984.083,3,5040,5.04,504,60.0649872,51.426609,49.359787,1,Seagrass,-12.2860003
505,266247.5831,6130981.431,3,5050,5.05,505,66.542717,46.1714859,46.5285492,1,Seagrass,-12.2778902
506,266237.9412,6130978.779,3,5060,5.06,506,56.5643196,46.0444489,46.9258308,1,Seagrass,-12.2697811
507,266228.2994,6130976.126,3,5070,5.07,507,67.5981522,47.7545509,56.5496826,1,Seagrass,-12.2616711
508,266218.6576,6130973.474,3,5080,5.08,508,82.079216,52.7686386,60.4559364,1,Seagrass,-12.253561
509,266209.0158,6130970.821,3,5090,5.09,509,83.9397964,55.6643753,60.8291588,1,Seagrass,-12.2454519
510,266199.374,6130968.169,3,5100,5.1,510,78.209137,55.6434479,52.1730385,1,Seagrass,-12.2373428
511,266189.7321,6130965.516,3,5110,5.11,511,75.8201752,50.7104301,44.8885574,1,Seagrass,-12.2292328
512,266180.0903,6130962.864,3,5120,5.12,512,71.0123367,49.9804344,53.1832123,1,Seagrass,-12.2211237
513,266170.4485,6130960.212,3,5130,5.13,513,61.6260986,58.0259018,54.2498055,1,Seagrass,-12.2130136
514,266160.8067,6130957.559,3,5140,5.14,514,58.6399765,60.6838226,48.7335281,1,Seagrass,-12.2240858
515,266151.1649,6130954.907,3,5150,5.15,515,65.3498993,50.2538719,46.3154106,1,Seagrass,-12.2461138
516,266141.5231,6130952.254,3,5160,5.16,516,64.2549515,41.4173393,45.6346016,1,Seagrass,-12.2687454
517,266131.8812,6130949.602,3,5170,5.17,517,68.6888123,45.7992783,41.4758072,1,Seagrass,-12.2919827
518,266122.2394,6130946.949,3,5180,5.18,518,67.3980713,50.1243057,46.1700058,1,Seagrass,-12.3158236
519,266112.5976,6130944.297,3,5190,5.19,519,72.2185898,55.2368469,46.3611259,1,Seagrass,-12.3402691
520,266102.9558,6130941.645,3,5200,5.2,520,89.5944214,49.719902,37.7695084,1,Seagrass,-12.3653202
521,266093.314,6130938.992,3,5210,5.21,521,72.5676041,51.899498,45.780365,1,Seagrass,-12.390975
522,266083.6721,6130936.34,3,5220,5.22,522,68.6426392,64.063942,58.5998917,1,Seagrass,-12.4172354
523,266074.0303,6130933.687,3,5230,5.23,523,57.4441109,62.8669777,56.3369637,1,Seagrass,-12.4440994
524,266064.3885,6130931.035,3,5240,5.24,524,68.7541733,62.9744072,57.6316681,1,Seagrass,-12.4715681
525,266054.7467,6130928.383,3,5250,5.25,525,71.3721466,57.6771812,44.0700989,1,Seagrass,-12.4996414
526,266045.1049,6130925.73,3,5260,5.26,526,72.1347656,43.8973579,47.4359474,1,Seagrass,-12.5283203
527,266035.4631,6130923.078,3,5270,5.27,527,85.8084641,40.016922,51.8133659,1,Seagrass,-12.5576029
528,266025.8212,6130920.425,3,5280,5.28,528,96.9760895,58.8140717,47.9362335,1,Seagrass,-12.5874901
529,266016.1794,6130917.773,3,5290,5.29,529,92.6899261,45.3289871,45.2690392,1,Seagrass,-12.6179819
530,266006.5376,6130915.12,3,5300,5.3,530,87.6293335,54.0733719,51.3327179,1,Seagrass,-12.6490784
531,265996.8958,6130912.468,3,5310,5.31,531,74.9487839,55.5331459,62.7222214,1,Seagrass,-12.6807795
532,265987.254,6130909.815,3,5320,5.32,532,75.5209274,53.5593338,60.4775772,1,Seagrass,-12.7130852
533,265977.6121,6130907.163,3,5330,5.33,533,83.4590225,58.3882332,57.2630539,1,Seagrass,-12.7459955
534,265967.9703,6130904.511,3,5340,5.34,534,91.1489944,44.9634018,51.6208572,1,Seagrass,-12.7795105
535,265958.3285,6130901.858,3,5350,5.35,535,89.0842743,43.2851639,49.8958855,1,Seagrass,-12.8136301
536,265948.6867,6130899.206,3,5360,5.36,536,84.0081024,53.3345985,53.7007866,1,Seagrass,-12.8483534
537,265939.0449,6130896.553,3,5370,5.37,537,72.4068222,61.3570709,56.3025169,1,Seagrass,-12.8836823
538,265929.403,6130893.901,3,5380,5.38,538,67.4328003,59.5839119,57.3209,1,Seagrass,-12.9196157
539,265919.7612,6130891.249,3,5390,5.39,539,70.4777985,52.1846886,51.8746643,1,Seagrass,-12.9561529
540,265910.1194,6130888.596,3,5400,5.4,540,68.3553391,52.9681511,49.4476891,1,Seagrass,-12.9845037
541,265900.4776,6130885.944,3,5410,5.41,541,68.28479,59.514534,46.6381454,1,Seagrass,-12.9793758
542,265890.8358,6130883.291,3,5420,5.42,542,85.5965195,67.9371414,40.2346039,1,Seagrass,-12.9682875
543,265881.194,6130880.639,3,5430,5.43,543,110.5786362,65.8070679,43.9722481,1,Seagrass,-12.9578037
544,265871.5521,6130877.986,3,5440,5.44,544,104.9727707,56.1613083,52.8288536,1,Seagrass,-12.9479237
545,265861.9103,6130875.334,3,5450,5.45,545,74.7238846,54.0929031,51.1127701,1,Seagrass,-12.9386482
546,265852.2685,6130872.682,3,5460,5.46,546,72.4266052,54.9466515,47.8194504,1,Seagrass,-12.9299774
547,265842.6267,6130870.029,3,5470,5.47,547,72.0832596,58.1639328,49.1686516,1,Seagrass,-12.9219112
548,265832.9849,6130867.377,3,5480,5.48,548,84.5546646,66.0689468,45.6572227,1,Seagrass,-12.9144497
549,265823.343,6130864.724,3,5490,5.49,549,80.936821,79.5998688,37.5195923,1,Seagrass,-12.9075928
550,265813.7012,6130862.072,3,5500,5.5,550,77.6030273,63.4130287,42.3348885,1,Seagrass,-12.9013405
551,265804.0594,6130859.419,3,5510,5.51,551,91.3285599,70.2279892,47.0293579,1,Seagrass,-12.8956928
552,265794.4176,6130856.767,3,5520,5.52,552,99.4028168,62.6207352,49.5712662,1,Seagrass,-12.8906498
553,265784.7758,6130854.115,3,5530,5.53,553,121.468544,63.8871307,48.4696274,1,Seagrass,-12.8862104
554,265775.134,6130851.462,3,5540,5.54,554,81.6149521,69.5377045,48.6007843,1,Seagrass,-12.8823767
555,265765.4921,6130848.81,3,5550,5.55,555,81.5380478,47.7884102,51.191185,1,Seagrass,-12.8791466
556,265755.8503,6130846.157,3,5560,5.56,556,76.6332245,46.9850464,56.4996605,1,Seagrass,-12.8765211
557,265746.2085,6130843.505,3,5570,5.57,557,85.3814316,51.4634895,50.1391144,1,Seagrass,-12.8745003
558,265736.5667,6130840.853,3,5580,5.58,558,85.2902298,71.4404449,51.3179207,1,Seagrass,-12.873085
559,265726.9249,6130838.2,3,5590,5.59,559,80.9599304,68.5211868,50.3392105,1,Seagrass,-12.8722734
560,265717.283,6130835.548,3,5600,5.6,560,75.4280396,64.7081757,50.9694633,1,Seagrass,-12.8720655
561,265707.6412,6130832.895,3,5610,5.61,561,85.6271057,56.5317307,52.8808136,1,Seagrass,-12.8724632
562,265697.9994,6130830.243,3,5620,5.62,562,79.0080872,50.4553833,49.5947266,1,Seagrass,-12.8734646
563,265688.3576,6130827.59,3,5630,5.63,563,85.4303131,51.8652306,53.2372093,1,Seagrass,-12.8750715
564,265678.7158,6130824.938,3,5640,5.64,564,85.8552628,55.8380699,49.7219887,1,Seagrass,-12.8772821
565,265669.074,6130822.286,3,5650,5.65,565,80.3734894,54.2661591,43.5285072,1,Seagrass,-12.8800974
566,265659.4321,6130819.633,3,5660,5.66,566,81.132576,58.1304626,44.906353,1,Seagrass,-12.8835173
567,265649.7903,6130816.981,3,5670,5.67,567,79.5848007,54.7207336,46.6252861,1,Seagrass,-12.8875418
568,265640.1485,6130814.328,3,5680,5.68,568,80.0609589,49.4049149,50.5977097,1,Seagrass,-12.9206371
569,265630.5067,6130811.676,3,5690,5.69,569,81.0616379,56.9323578,52.8022194,1,Seagrass,-12.9538622
570,265620.8649,6130809.024,3,5700,5.7,570,81.899437,57.9734116,48.7623863,1,Seagrass,-12.9870863
571,265611.223,6130806.371,3,5710,5.71,571,87.5420532,54.8782692,41.3918381,1,Seagrass,-13.0203104
572,265601.5812,6130803.719,3,5720,5.72,572,92.2086563,57.287384,43.0330276,1,Seagrass,-13.0535355
573,265591.9394,6130801.066,3,5730,5.73,573,85.3906708,65.5642853,53.3289986,1,Seagrass,-13.0867596
574,265582.2976,6130798.414,3,5740,5.74,574,80.4075851,64.664772,56.0228119,1,Seagrass,-13.1199837
575,265572.6558,6130795.761,3,5750,5.75,575,86.4576797,46.4358292,55.5185966,1,Seagrass,-13.1532087
576,265563.0139,6130793.109,3,5760,5.76,576,86.6992264,55.0483818,50.4478455,1,Seagrass,-13.1864328
577,265553.3721,6130790.457,3,5770,5.77,577,77.1611862,58.2375221,48,1,Seagrass,-13.2196579
578,265543.7303,6130787.804,3,5780,5.78,578,85.091362,76.4984207,48,1,Seagrass,-13.252882
579,265534.0885,6130785.152,3,5790,5.79,579,85.4434509,62.7378082,47.4572525,1,Seagrass,-13.2861071
580,265524.4467,6130782.499,3,5800,5.8,580,77.3471451,54.3753738,43.7366066,1,Seagrass,-13.3193312
581,265514.8049,6130779.847,3,5810,5.81,581,72.2120056,58.0315361,42.0275879,1,Seagrass,-13.3525562
582,265505.163,6130777.195,3,5820,5.82,582,59.0095978,55.0763359,48.4267159,1,Seagrass,-13.3857813
583,265495.5212,6130774.542,3,5830,5.83,583,61.7000999,58.1689415,54.5112801,1,Seagrass,-13.4190063
584,265485.8794,6130771.89,3,5840,5.84,584,89.3001709,60.3602867,43.2564659,1,Seagrass,-13.4522314
585,265476.2376,6130769.237,3,5850,5.85,585,84.3078079,59.0604706,42.8001595,1,Seagrass,-13.4854555
586,265466.5958,6130766.585,3,5860,5.86,586,92.5865097,58.4735718,54.6751175,1,Seagrass,-13.5186806
587,265456.9539,6130763.932,3,5870,5.87,587,83.6021118,55.17453,58.8773003,1,Seagrass,-13.5519056
588,265447.3121,6130761.28,3,5880,5.88,588,88.8524399,51.3344078,57.2387886,1,Seagrass,-13.5851307
589,265437.6703,6130758.628,3,5890,5.89,589,97.1408386,57.1411972,50.9436531,1,Seagrass,-13.6183558
590,265428.0285,6130755.975,3,5900,5.9,590,74.6531754,47.2886162,41.2164803,1,Seagrass,-13.6515808
591,265418.3867,6130753.323,3,5910,5.91,591,71.3596802,50.2991791,41.4074593,1,Seagrass,-13.6848059
592,265408.7449,6130750.67,3,5920,5.92,592,75.0687943,67.0049057,49.2860451,1,Seagrass,-13.7180309
593,265399.103,6130748.018,3,5930,5.93,593,80.305069,72.8838654,52.8921852,1,Seagrass,-13.751256
594,265389.4612,6130745.365,3,5940,5.94,594,95.5109024,62.8389626,50.9589996,1,Seagrass,-13.7746038
595,265379.8194,6130742.713,3,5950,5.95,595,90.3409424,52.3645859,53.5983238,1,Seagrass,-13.7501678
596,265370.1776,6130740.061,3,5960,5.96,596,79.5006638,54.5703926,52.689064,1,Seagrass,-13.7263355
597,265360.5358,6130737.408,3,5970,5.97,597,92.408432,65.6454926,49.210968,1,Seagrass,-13.7031078
598,265350.8939,6130734.756,3,5980,5.98,598,110.1199646,75.184761,57.6521568,1,Seagrass,-13.6804848
599,265341.2521,6130732.103,3,5990,5.99,599,97.7646332,71.0198593,64.3301163,1,Seagrass,-13.6584654
600,265331.6103,6130729.451,3,6000,6,600,106.9078217,62.365097,63.0203018,1,Seagrass,-13.6370506
601,265321.9685,6130726.798,3,6010,6.01,601,105.3389282,58.2949791,57.2594223,1,Seagrass,-13.6162415
602,265312.3267,6130724.146,3,6020,6.02,602,95.0834045,55.0228271,49.0792999,1,Seagrass,-13.596035
603,265302.6848,6130721.494,3,6030,6.03,603,77.7089691,57.734993,46.3539467,1,Seagrass,-13.5764341
604,265293.043,6130718.841,3,6040,6.04,604,78.537323,64.886467,46.0981331,1,Seagrass,-13.5574369
605,265283.4012,6130716.189,3,6050,6.05,605,78.1638794,59.690155,55.859127,1,Seagrass,-13.5390444
606,265273.7594,6130713.536,3,6060,6.06,606,90.5860367,55.9213791,51.1272163,1,Seagrass,-13.5212564
607,265264.1176,6130710.884,3,6070,6.07,607,74.469902,63.7456856,43.8620033,1,Seagrass,-13.5040722
608,265254.4758,6130708.232,3,6080,6.08,608,91.1324615,88.4372787,56.5544205,1,Seagrass,-13.4874926
609,265244.8339,6130705.579,3,6090,6.09,609,93.4052505,73.158989,64.7452774,1,Seagrass,-13.4715176
610,265235.1921,6130702.927,3,6100,6.1,610,88.7170563,61.5290527,52.1813164,1,Seagrass,-13.4561462
611,265225.5503,6130700.274,3,6110,6.11,611,71.5290222,61.884922,47.4625092,1,Seagrass,-13.4413805
612,265215.9085,6130697.622,3,6120,6.12,612,78.8117294,45.4621506,50.2045708,1,Seagrass,-13.4272184
613,265206.2667,6130694.969,3,6130,6.13,613,77.4986191,46.5158615,55.3666496,1,Seagrass,-13.41366
614,265196.6248,6130692.317,3,6140,6.14,614,83.6332397,53.0479851,59.0845871,1,Seagrass,-13.4007063
615,265186.983,6130689.665,3,6150,6.15,615,85.4533005,61.0142212,61.9076614,1,Seagrass,-13.3883572
616,265177.3412,6130687.012,3,6160,6.16,616,76.988533,63.8586693,62.9561386,1,Seagrass,-13.3766127
617,265167.6994,6130684.36,3,6170,6.17,617,86.5466843,69.7886353,49.6587219,1,Seagrass,-13.3654718
618,265158.0576,6130681.707,3,6180,6.18,618,87.6459122,65.7602997,53.2604866,1,Seagrass,-13.3549366
619,265148.4158,6130679.055,3,6190,6.19,619,85.9102631,53.7995377,54.3341942,1,Seagrass,-13.3450041
620,265138.7739,6130676.402,3,6200,6.2,620,89.6046829,64.1507721,57.1594048,1,Seagrass,-13.3356771
621,265129.1321,6130673.75,3,6210,6.21,621,88.789978,69.8738174,54.0235748,1,Seagrass,-13.33564
622,265119.4903,6130671.098,3,6220,6.22,622,82.6921463,58.20438,49.1225815,1,Seagrass,-13.3518648
623,265109.8485,6130668.445,3,6230,6.23,623,83.3735962,59.8973427,53.4116821,1,Seagrass,-13.367485
624,265100.2067,6130665.793,3,6240,6.24,624,83.776474,59.5928955,57.6793518,1,Seagrass,-13.3825006
625,265090.5648,6130663.14,3,6250,6.25,625,83.7118073,53.5174141,53.674778,1,Seagrass,-13.3969116
626,265080.923,6130660.488,3,6260,6.26,626,85.7924805,50.1460991,48.8203278,1,Seagrass,-13.4107189
627,265071.2812,6130657.836,3,6270,6.27,627,83.1153336,47.4207764,46.8100929,1,Seagrass,-13.4239216
628,265061.6394,6130655.183,3,6280,6.28,628,88.1704178,46.0572281,43.8536415,1,Seagrass,-13.4365196
629,265051.9976,6130652.531,3,6290,6.29,629,92.9136276,53.8534164,45.6163445,1,Seagrass,-13.448514
630,265042.3557,6130649.878,3,6300,6.3,630,92.9987869,68.4221268,60.7795563,1,Seagrass,-13.4599037
631,265032.7139,6130647.226,3,6310,6.31,631,95.2122269,72.2474594,62.9399567,1,Seagrass,-13.4706898
